row ID,m/z,retention time
12.0,415.2109186662946,9.200065619047622
14.0,437.1929364250702,9.200345469255659
16.0,457.27672732960093,10.47196893939394
19.0,327.17755031585693,8.66387357954545
22.0,553.2553666109419,12.873119303201511
23.0,119.08596249284416,9.200256609195408
25.0,629.3716957785866,16.71557263257578
26.0,480.30774966969216,10.962873627450977
28.0,522.3545127209321,10.996963786008227
31.0,763.5153640220905,16.248347701149427
33.0,750.4055441998421,16.35035425531915
35.0,631.4930080262955,17.059570338983054
38.0,576.3312000339314,12.877646798493412
39.0,851.3963263240862,9.19807767489712
40.0,338.3411009504989,14.714318243243241
41.0,429.2407498414489,14.612099616858233
42.0,786.5331163077519,18.823862068965518
43.0,569.229357358426,12.868592467043321
45.0,786.532326775628,16.13361734234235
47.0,531.2734031892767,12.876640772128065
50.0,616.1760457356771,8.650042592592593
52.0,481.2832095208997,14.773146606786428
55.0,391.2836497678595,14.617848305084749
57.0,441.2967802754948,15.199724063670413
58.0,709.3795318603516,16.45545555555556
59.0,698.4976785182953,15.605881380208327
62.0,288.28938221931463,8.459871875
64.0,808.5812083653043,19.313841666666665
71.0,482.32329600941046,11.926101717171722
74.0,806.5654801262749,17.44644282407406
77.0,686.500341481176,17.05941762452108
78.0,453.2371316932769,12.327939156626508
83.0,385.15345717639457,12.233211890243902
84.0,251.04673786044862,12.233223602484472
85.0,453.166951751709,9.212741145833338
86.0,784.5826653949284,17.454670903954796
89.0,227.08298207945742,9.199145480225983
93.0,652.4476320154528,16.707829313725505
94.0,135.08082216635518,9.20076867816092
96.0,701.4083467371323,18.85039485294118
100.0,478.2922423079208,10.319193130630632
101.0,427.2506611851284,14.715115904761909
103.0,531.8494354075631,8.491554708097931
105.0,124.96724580066041,0.1797612211221122
108.0,504.35905729021346,14.774072619047626
109.0,454.29220600492636,10.7237314225053
110.0,521.3148716016748,14.886813505747126
112.0,97.969071949998,0.12663721461187213
113.0,609.3244246113508,17.330560597302497
114.0,504.35930124918616,16.109627777777778
117.0,520.3388545963314,10.353545571095577
118.0,120.08113704926788,0.9882651072124758
119.0,675.4221909319767,15.606360655737705
124.0,434.18493757576783,9.204223275862065
125.0,701.4097714181672,16.13495310734463
127.0,141.95882757504782,0.13211059027777775
129.0,753.4216019271255,18.793023593073602
132.0,379.28114178536947,14.514003256704981
134.0,316.3205220540365,9.430294666666663
135.0,726.5287057303049,16.456148135198138
137.0,460.26891210523695,9.201554990583807
140.0,281.13822231402975,9.199674566473991
142.0,432.2376376881319,9.20036323529412
144.0,680.4787497384207,18.805026904761906
150.0,539.3251423305935,15.331313657407405
152.0,315.1927558853781,11.194703254437874
154.0,379.31761101110664,14.101139552238807
156.0,226.951422395762,0.4893169590643279
157.0,744.5528765869141,19.991750000000003
158.0,821.408927359232,18.826965040650407
159.0,637.3043819354598,13.03416082802548
160.0,257.2472835926528,13.62873735955056
164.0,299.1615646986933,10.439146003898637
166.0,436.3415954589844,14.616443333333335
169.0,430.2430830140045,5.1289229468599045
171.0,680.4788872705748,16.11576872146119
174.0,570.4216910372959,7.794917228464419
176.0,481.3127922751687,13.050693636363635
180.0,718.5371254814995,20.04890324074074
181.0,452.3210011106549,10.470666666666665
183.0,659.2860685307928,13.034962174940894
184.0,607.3900453394109,16.717968181818193
187.0,550.6270687218869,14.583096464646466
190.0,830.5652946412094,16.943623622047244
191.0,309.58174000615656,8.676445652173914
195.0,535.33014363256,15.016133477011495
197.0,740.5187742445204,20.025920833333327
201.0,502.2897229581265,10.980760360360362
202.0,235.1690997210416,10.288601704545453
205.0,185.11475178111684,5.261815000000001
209.0,522.5961836802809,14.310425316455696
215.0,782.565648745184,19.40021301369862
219.0,721.3552506275666,14.554142735042731
220.0,496.3389274644555,10.759705693581779
225.0,485.22714887346535,10.504010714285714
228.0,629.3719663118061,19.29650614035088
230.0,280.65479888916013,11.015373750000006
231.0,521.3207771433572,12.526155202312147
234.0,368.38795725504565,16.02295782828282
236.0,544.3363958394751,11.003965723270442
237.0,357.2143528503779,5.181394181459568
240.0,531.2734646851989,9.20128074712644
247.0,132.10223792848132,0.7537394841269841
249.0,604.4057137135709,7.93519007490637
252.0,160.0462021246189,9.202510569105693
254.0,461.3477668519232,6.258646390658172
256.0,298.3464193562515,10.678675445292619
257.0,282.2788602914383,10.544159452736316
260.0,225.1482354736328,7.88223380952381
267.0,285.1692816286671,11.032915873015867
270.0,300.19882211509656,4.27773435582822
275.0,249.18476142181208,10.321673312883435
279.0,468.4403106049224,11.72148216783217
281.0,329.24205555635336,14.535671568627448
282.0,413.26609675089514,19.899629166666667
287.0,563.3614978790282,15.592417361111105
288.0,703.451816435783,16.455689784946244
290.0,245.07832801948157,8.185263088512245
291.0,326.37754384587316,10.88839400749064
293.0,244.26320975167408,8.719113888888888
296.0,482.31539981015084,7.91299801864802
297.0,241.20341796875,6.08367111111111
299.0,119.085996401512,12.87513116760829
303.0,694.3432621547154,19.280206666666672
304.0,282.2788318775318,12.833192839506175
314.0,562.4014754949832,15.333280065359476
317.0,523.3235790776272,13.843620588235293
320.0,427.25084533691404,17.329919999999994
322.0,301.1407408124945,11.00087958801498
327.0,669.4394229581986,18.057545785440613
342.0,269.0994289398193,12.058135
346.0,607.3901919958728,18.805003773584897
351.0,804.549482457778,16.239348039215685
353.0,524.3700901247421,11.960845807127875
355.0,651.4374241420201,18.528241190476194
358.0,707.4536711594154,16.699510344827587
360.0,540.4248719146286,11.153214975845408
362.0,316.2116869333628,3.684185022522523
364.0,339.2888954494311,10.774097681159414
367.0,451.1643522644043,8.690410000000002
368.0,455.15911846850287,10.709360742971883
369.0,707.5279994655299,17.089094594594595
371.0,653.3170692180764,19.275481034482752
375.0,736.5419432757652,16.124436986301376
376.0,553.310551570012,10.787073076923079
378.0,736.5417507595487,19.09483962962963
385.0,738.5032290754648,17.850324137931036
390.0,544.3383531685337,10.361704016064257
392.0,459.30165405273436,16.11530466666667
398.0,385.29231546091484,11.969786434108524
399.0,459.3015183465329,14.772619749518306
404.0,575.4123012376867,12.336947536231884
407.0,538.8572747646234,8.671495085470088
408.0,531.3859185718354,12.376203968253968
420.0,451.1648507012261,8.305504259259259
424.0,567.3680027553013,8.560966190476192
427.0,494.32312561035167,10.004482833333338
431.0,639.4069917098335,11.433542391304348
432.0,610.1835558342211,18.374161616161615
434.0,683.4195667613636,18.005710606060607
435.0,537.309573621635,14.364420080321286
436.0,595.3809762137276,11.461557619047621
439.0,221.11717350525262,10.442750295857984
444.0,652.447739858476,19.290753703703707
450.0,504.3054610743667,11.922054377104375
453.0,531.3503387451171,14.050062222222222
454.0,509.3370387865149,14.081154347826088
464.0,434.18489922417535,9.553604629629627
465.0,575.3771380256203,13.99396862745098
466.0,362.9262355506843,0.4884248226950356
470.0,539.3250822685134,16.954752347417838
472.0,499.3326500457468,14.884523300970875
473.0,161.09651244847117,10.699882153392329
477.0,332.87141649262236,5.193384033613445
480.0,439.3027834378756,12.212658205128202
482.0,256.2632437260193,12.592030078895464
484.0,619.4025634765625,13.931754999999999
498.0,166.08614597437568,0.9858665644171776
500.0,568.4561245683311,11.944539855072463
501.0,692.5154589636852,18.0839615819209
504.0,683.4331647087547,11.411391176470588
505.0,532.3583649425972,14.881136178861787
509.0,308.1752634199839,5.80314708994709
512.0,321.1305994524275,5.418729333333335
516.0,282.278844418733,11.87571268115942
522.0,487.32391967773435,14.108628888888884
523.0,540.854719653572,6.972897938144333
539.0,605.4143368530273,17.242693999999997
541.0,236.06965609157783,9.199646691176474
548.0,284.18562259314194,4.541204874213835
554.0,421.2918791770935,13.933871354166673
557.0,331.18777604536575,9.998844545454547
558.0,632.3998924842248,17.327818717948713
564.0,231.17023472877065,0.5649929936305735
565.0,368.4244479617557,12.725703378378375
568.0,619.4382084437779,12.320842142857149
570.0,430.9136245616161,0.4883975669099758
573.0,457.3492374420166,13.047559821428573
581.0,659.9204545295103,8.351761494252873
588.0,635.4426101983762,18.453000653594774
589.0,599.3895402388139,4.279041750841752
591.0,419.1823606413554,10.706439701897015
592.0,641.4153887430826,13.912788888888885
595.0,669.4394354684013,17.289270833333326
597.0,489.3231420102327,8.094062681159418
604.0,284.2943703089005,13.725419551282046
612.0,724.5111511230467,15.67246222222222
613.0,620.409666515532,14.79062566137566
625.0,524.2976650661892,11.41973240740741
631.0,657.4029926300049,17.858784895833335
632.0,663.428258895874,13.883183333333333
636.0,236.14107437133788,6.806845666666666
637.0,719.430507035689,16.451528181818183
644.0,377.2659255981445,14.393476666666665
645.0,285.27846049647184,14.547609999999995
648.0,239.2368351105721,13.626099462365591
649.0,675.4222398237747,15.408665151515152
650.0,243.13542269538434,11.11540980392157
653.0,653.4404423673387,15.603384507042248
656.0,859.6037180047286,15.22079824561403
668.0,291.1948440551758,10.000238958333338
671.0,272.29431568492544,9.694242045454548
688.0,698.4975958930122,15.416593333333335
691.0,631.113000869751,18.370338541666676
698.0,783.572333238796,14.614302594810386
699.0,763.5149841308594,15.211741666666665
703.0,331.1877100696302,10.324613242009134
708.0,309.18149066793507,5.143765804597701
720.0,666.4625277357037,17.281533219954646
723.0,545.4015539974147,12.972319364161851
725.0,302.19626426696783,1.4004236111111108
727.0,300.21649169921875,4.0922209677419366
733.0,289.1536057021592,10.242691391941396
735.0,294.86090324920366,4.540219741100325
740.0,119.08597326278688,6.4273775641025646
745.0,586.4373617366869,15.591074999999993
748.0,685.4399314046908,13.860824649859946
753.0,669.4401281020221,16.103350490196082
758.0,531.2737274169922,9.563112280701754
759.0,647.4574584960938,18.070642222222226
770.0,769.5553706242488,14.607844871794873
771.0,236.06969604492187,9.55659
772.0,299.1616012759325,10.064657418699195
777.0,523.3276170094808,15.22311423611111
778.0,302.19676208496094,0.5619988888888889
779.0,427.2450394112723,12.546420571428586
784.0,599.3963311578808,14.881447594501722
798.0,726.4204559326172,16.91234270833333
804.0,707.4535863122275,19.279396511627898
821.0,437.1927694188486,8.529790759075908
830.0,300.19859044692095,0.5565820261437909
835.0,243.13539242951762,10.015461884057972
849.0,135.08080511925206,5.416230536912755
852.0,243.1826275912198,2.681486363636364
873.0,663.4622758718638,12.292513942307698
876.0,379.2814727468589,13.202579896907222
895.0,562.4007820461106,16.96046086956522
904.0,118.08665992640242,0.5758849156118147
913.0,763.5154371995192,16.108557692307695
928.0,701.4082207930716,18.745662719298238
949.0,821.4089586981412,18.758809482758625
955.0,494.5650468909222,13.979905072463767
958.0,766.534138997396,20.213942777777774
963.0,282.2787890690629,10.671047311827957
965.0,718.5370001898873,20.145514814814817
974.0,740.5186908863208,20.142624074074075
1005.0,487.3597620010376,12.39448375
1021.0,440.4090585610301,10.928436254295534
1028.0,311.1851021188204,8.662071857923497
1046.0,736.5417234839463,18.984917073170735
1070.0,310.3099675034032,13.838407702020195
1081.0,597.3886006673177,13.965828888888886
1101.0,650.9153261768573,10.641166326530607
1107.0,397.20057031172735,12.872714978902952
1154.0,250.17758092013275,14.71395113636363
1163.0,397.2001966005796,9.198588528138533
1170.0,325.1623793892239,11.036184057971015
1245.0,566.8885573002332,0.4887296783625732
1296.0,498.9009764004597,0.4886019174041298
1309.0,387.19266437731284,9.129216315789474
1311.0,786.5318174362183,15.967422395833333
1316.0,709.3792351616753,16.62066666666667
1318.0,702.8631620317976,0.4885110591900312
1337.0,97.96904319524765,0.21502734375
1338.0,727.4744148254395,17.226750000000006
1342.0,504.3592468261719,16.025316666666665
1343.0,701.4110035615809,16.007556862745098
1352.0,680.4786809285483,16.028018055555556
1357.0,347.2187571207682,12.754142222222221
1364.0,363.2283630371094,12.825209523809527
1366.0,177.12711007254464,12.822585714285715
1382.0,715.4751403808592,17.426786666666665
1386.0,524.2979922087296,11.58523188405797
1396.0,307.2260335286458,12.750744444444445
1407.0,282.2790252685547,12.957774444444444
1408.0,543.3428446451824,13.626394444444443
1416.0,459.30156453450513,16.046269444444448
1417.0,547.432373046875,16.16467857142857
1439.0,279.6468935012817,10.358784375
1447.0,188.0704843694513,1.709401212121211
1450.0,716.5217846285913,17.894931182795702
1453.0,683.4843278364701,17.790663636363636
1463.0,229.1907956672437,4.609288888888886
1468.0,679.4169108072916,12.933994753086418
1470.0,327.20094889979214,4.025125268817203
1513.0,727.4592651367187,11.446606666666666
1517.0,727.4595489501953,11.432152777777777
1522.0,476.305830078125,4.755257999999999
1524.0,253.176904296875,9.992923333333332
1526.0,725.4586639404297,16.89110833333333
1527.0,341.30429423224064,11.923759278350508
1528.0,341.30451926206933,11.692746794871795
1538.0,476.2740791722348,10.714506578947374
1543.0,253.17704200744632,9.278341666666666
1551.0,683.4188287006161,17.90162913279134
1559.0,518.3231841056578,9.904381720430104
1572.0,771.4851896866509,11.382165942028987
1579.0,582.3807352701823,16.020584444444445
1580.0,703.5635806812959,13.624191176470589
1596.0,537.3088874816896,14.529497916666665
1604.0,473.14572703043615,8.687594444444441
1613.0,502.2919543628962,10.329161971830985
1615.0,502.28959859212233,10.888578333333335
1622.0,615.4945084766675,20.37489641577061
1637.0,683.4191691080729,17.973182777777776
1643.0,538.8572998046875,8.287675347222219
1680.0,261.13186555750235,1.9224990196078429
1723.0,786.598627427045,18.895897058823532
1724.0,806.5655183337982,17.367184126984125
1732.0,782.565616607666,19.273313888888886
1735.0,701.4106570384541,16.252242896174867
1738.0,680.4786056518554,16.189204166666666
1739.0,103.05463056564331,0.982549722222222
1740.0,744.5527336968316,20.118828888888885
1743.0,718.536851671007,19.942461111111115
1747.0,401.34063311320983,14.412331571815724
1753.0,282.2787608065346,9.542272997416022
1764.0,703.5604619565217,17.665638405797093
1773.0,160.0462154812283,9.542127777777779
1787.0,130.08688157604587,0.4895704301075267
1790.0,736.5412750244141,16.212334803921568
1796.0,146.06030621735943,1.7096331521739132
1803.0,149.06005013343133,0.9840120462046203
1809.0,300.19868948800223,4.46343523809524
1812.0,367.33529710278066,14.165523539518896
1824.0,703.559328519381,20.09817948717949
1829.0,726.6366157531737,17.629004861111113
1830.0,131.04962956628134,0.9839994186046516
1851.0,349.18260919480105,4.025025396825397
1862.0,650.4379770379318,12.46369350877193
1887.0,617.510387311663,16.842425714285714
1893.0,177.0546052921453,8.18673214990139
1900.0,787.6015881625087,17.55111401515151
1905.0,741.5366180419921,15.469193333333333
1916.0,678.469294282579,13.47685498281786
1921.0,794.5472254071917,16.206717261904767
1927.0,812.6125259399414,19.644840833333326
1939.0,808.5679204604205,12.516457026143785
1940.0,788.5409211658297,14.347911904761908
1944.0,617.5102874379098,15.845735802469134
2010.0,683.4305339612458,11.263374561403511
2017.0,119.08600409371513,6.406699999999999
2024.0,740.5189308860084,14.844592727272728
2040.0,822.5603454589842,15.439284871794868
2041.0,100.076096534729,1.0384995000000006
2042.0,816.5725682576497,13.556302314814815
2044.0,288.2893393776633,8.67273606060606
2047.0,385.34572263108083,14.166923024054984
2050.0,800.5773202647333,15.446117753623195
2052.0,814.5572662353516,13.893213888888885
2055.0,117.07059224446613,5.357990740740742
2056.0,374.3022508974428,12.305322839506172
2060.0,550.3433074951172,4.723518333333334
2061.0,594.3694732666015,4.875561666666667
2062.0,638.3958468967013,5.005188888888889
2066.0,316.32061149960475,9.61697380952381
2067.0,692.4482816060383,11.80971435185185
2068.0,796.5459613506612,15.435723076923075
2070.0,506.317384992327,4.565628571428571
2071.0,352.32043537340667,12.311647807017545
2072.0,319.22416559855145,11.335357638888887
2074.0,647.4835815429688,15.576242083333332
2077.0,671.4837803994455,15.10620698924731
2078.0,774.5619687450177,15.434936734693878
2080.0,666.4327441686871,11.773435057471266
2086.0,383.20348940057266,11.035826553672313
2089.0,645.4687194824219,15.668094017094017
2097.0,477.27009328206384,4.299321296296297
2099.0,333.23962743422567,12.762353921568627
2101.0,462.2911605834961,4.396308333333334
2103.0,772.5468766645952,14.850437575757573
2105.0,682.4215927124022,5.1372333333333335
2108.0,676.4534256156834,12.55743333333333
2110.0,205.09701657582482,1.7131881526104418
2112.0,790.5550548698328,14.091200632911391
2114.0,376.3179897732205,11.994513580246913
2116.0,657.5055425116358,17.190603191489362
2119.0,326.17070465087886,3.656720238095237
2120.0,467.2432556152344,14.732744444444444
2124.0,279.2315894232856,11.343025
2125.0,536.333580820184,9.233596491228068
2127.0,774.5613841181216,14.56881884057971
2130.0,555.2985656738281,4.734139999999999
2133.0,652.4175496705819,12.81467605633803
2137.0,636.422277683165,13.503288821138213
2140.0,834.5822219848633,12.639178385416672
2141.0,629.4744547526042,16.513981666666666
2142.0,706.4278355018765,10.026348366013073
2144.0,708.443164167733,9.746214080459767
2151.0,336.32567398636434,11.995885802469134
2152.0,538.3493564003393,8.995605921052631
2159.0,659.5232483460022,17.055962612612618
2161.0,766.5340471540179,20.101241428571427
2163.0,302.3048946101491,9.774831504065043
2164.0,510.3541961669922,13.085312727272735
2170.0,636.3861351013184,11.272676302083335
2189.0,678.4328464084201,11.507601851851852
2191.0,683.4331639607748,11.44065
2196.0,608.3908558721128,12.468318840579707
2201.0,746.4951782226562,14.262611403508773
2204.0,685.46257075557,14.414702469135802
2210.0,678.4323901552142,11.775047474747474
2211.0,577.3431167602539,4.8710749999999985
2220.0,293.210358666592,10.003695355191256
2221.0,542.8404736328125,8.487756000000001
2223.0,694.4637836657073,12.81836374269006
2224.0,650.1812884990985,6.371419871794871
2232.0,652.417249891493,11.535658024691358
2233.0,687.478800455729,14.134453174603172
2238.0,692.4481001229121,10.263488505747128
2244.0,675.5146036148071,16.44734375
2247.0,794.5526140386409,13.588081818181818
2251.0,786.5251386926531,13.704639007092194
2258.0,748.5103362112334,14.1279648989899
2260.0,464.3725348363949,15.206648312236284
2267.0,441.7874269031343,4.5413799603174585
2271.0,624.3930512512622,17.05233582766441
2274.0,650.1812951660156,6.719511333333332
2280.0,494.2871296017669,9.215956976744186
2281.0,663.4535420735677,15.126016666666667
2301.0,523.3593816342561,13.886233574879226
2307.0,766.5226982964409,12.565116203703699
2315.0,801.5812550420346,16.862779710144927
2320.0,638.4017966665872,12.190474390243905
2323.0,647.4495504628057,15.326274275362318
2326.0,636.4219174592391,12.154029710144926
2331.0,673.4996881484985,16.563351041666667
2334.0,333.2031336697665,10.00454621212121
2341.0,376.31803022112166,12.995657619047616
2358.0,429.2354012383355,5.744273148148147
2432.0,750.4054698455028,16.273031196581194
2434.0,495.2988628811306,14.661257407407405
2435.0,544.3903662109375,14.891196666666662
2436.0,808.5812119704027,19.17204038461537
2439.0,558.4060638427734,15.014879791666672
2440.0,537.3458971854968,15.480891880341881
2441.0,658.517417721632,18.41121951219512
2443.0,565.3764629364014,16.183824375
2445.0,511.2937798830543,14.810529042904287
2447.0,513.3483347338299,15.011432751937988
2449.0,507.2988020579021,14.664108333333335
2450.0,549.3459908621652,15.317151515151513
2451.0,706.4943496241715,17.911425126262635
2455.0,479.26784671645567,13.95462469879518
2457.0,463.2746386644317,13.578627032520325
2460.0,628.4848447053329,17.21343659420289
2462.0,760.5834488641648,19.201115079365078
2463.0,747.520537405303,18.031365151515157
2466.0,701.4245748637634,15.864790946502053
2467.0,362.29752502441414,9.804710000000002
2468.0,425.77450403673896,4.578020498084292
2470.0,371.28016662597656,11.086105555555555
2471.0,220.14610880071467,0.9665083333333332
2472.0,761.4981589246154,17.899950995024874
2477.0,541.3792998215248,15.581170689655178
2480.0,300.8497000558036,5.246881428571427
2481.0,412.3056373596192,9.940116666666666
2483.0,583.4264107637628,17.209413372093014
2484.0,546.4034531537226,15.1997431372549
2487.0,591.3931604144218,16.303391570881224
2491.0,376.3130354881287,10.637052864583332
2492.0,572.4218156602648,15.30863657407407
2499.0,252.1658720068029,4.198375
2500.0,588.4526237487793,16.184009375000002
2501.0,560.3849945068358,14.363884259259258
2503.0,551.3250964936756,14.612324007936506
2504.0,647.454942857897,19.58871891891892
2505.0,292.1992038824619,4.648180128205127
2507.0,703.4415972674333,15.795111111111114
2510.0,683.4898570667614,17.222771969696968
2512.0,472.289918192317,6.866133895131086
2514.0,543.3949519923476,16.187386612021857
2516.0,441.29147987804186,13.559908045977016
2517.0,630.4993678501675,17.76088205128205
2519.0,676.4247253417967,16.103778666666663
2520.0,574.2851644794592,5.980801310861424
2523.0,460.2535638702049,4.6256724719101125
2524.0,378.23766956329354,6.41700625
2529.0,647.4578892029438,17.276079381443296
2530.0,457.28584046294725,13.96543478260869
2534.0,661.4366416931152,17.92376708333334
2536.0,561.3471305153587,15.385664772727267
2537.0,261.1488469960738,4.965943197278911
2539.0,713.5267486572266,18.528554166666673
2545.0,372.2198902917287,4.8361465608465615
2548.0,724.5052898142598,15.994339273927395
2551.0,708.5089619954429,15.214105555555555
2553.0,537.3096908569336,13.682835
2555.0,223.48742948259627,4.517479761904762
2558.0,527.3638973236084,15.308328125
2559.0,585.4429796356517,17.768884879725086
2564.0,493.2834574381511,14.336672222222221
2566.0,583.377681187221,4.722595238095238
2572.0,511.2937679290772,14.011567824074076
2575.0,782.5656320672286,16.236396783625732
2577.0,354.30008125305176,10.194352083333333
2582.0,569.2500751201923,12.026823361823356
2585.0,636.4527605329241,15.916472857142866
2587.0,262.83913966587613,4.427716666666667
2588.0,119.08595339457193,11.18379236111111
2591.0,685.5049865722656,17.84306
2594.0,393.7547454833984,4.419296666666667
2595.0,389.25352935791017,4.710336666666667
2603.0,321.22207946777337,5.6286233333333335
2606.0,336.26023254394534,9.39217
2610.0,345.6041534423828,9.914796666666666
2612.0,649.4690253075132,20.434777659574465
2613.0,667.4330298790564,17.742116410256408
2620.0,609.4055520762568,17.513313285024154
2621.0,643.3872448847844,17.294199519230766
2622.0,346.8870376586914,6.146026666666666
2623.0,432.7644073486328,5.847883333333334
2629.0,384.7721252441406,3.7429916666666667
2636.0,380.88557891845693,5.595740000000001
2648.0,719.3307490030925,13.695196111111114
2661.0,701.4287207467215,17.282390922619047
2675.0,479.27316025068177,15.949924213836471
2693.0,690.5063403165793,17.739680590717292
2702.0,462.29733445909284,10.989802469135805
2712.0,636.4523710363052,16.295983333333332
2737.0,699.4488536906692,19.690263522012568
2738.0,369.3508336335709,16.794606148867313
2867.0,498.803229437934,5.2084069444444445
2869.0,447.28621507727587,15.953677536231885
2876.0,376.3132438659668,10.451695833333336
2877.0,252.1657752482096,3.931522888888889
2934.0,643.454844156901,16.240853703703706
2939.0,381.2992636940696,13.04569393939394
2942.0,730.4691177368164,16.738701666666664
2949.0,482.3231291594329,11.684908641975305
2950.0,372.2236170275458,4.9848413793103425
2971.0,489.32192166646314,8.107678472222224
3045.0,489.3236656188965,8.076811458333333
3048.0,397.2003045654297,10.704715999999998
3131.0,97.96905916387385,0.007507575757575758
3132.0,141.95890117141437,0.2303006289308176
3144.0,563.3615443452876,15.446015957446807
3146.0,358.22747192382815,8.239006666666665
3149.0,766.5341178046332,19.9821375
3179.0,425.2141130079917,11.883045259938841
3180.0,794.5474306136842,19.07498465608466
3184.0,625.2984717686971,17.336454513888892
3186.0,438.22940415602477,14.441354914529919
3196.0,804.5499920967297,16.9546688034188
3200.0,367.14833196004236,9.561022685185188
3265.0,680.4788394504124,17.859827777777785
3276.0,581.3717346191406,15.316133333333333
3300.0,838.6281680545293,19.40697927927928
3320.0,731.5418714440387,15.221878985507246
3335.0,814.5562617463886,14.322695283018868
3350.0,761.5865675184461,17.536627777777774
3354.0,121.06522009713308,0.7110228571428573
3375.0,719.5543899536133,17.521985416666666
3381.0,347.2187042236328,11.2472527027027
3447.0,726.5287699381511,16.18427666666667
3450.0,804.5494467995384,15.361092424242427
3458.0,724.5056985391153,17.327279729729728
3462.0,388.39335795811246,11.994216666666665
3466.0,478.32796223958326,11.180680555555556
3467.0,616.1757225623497,8.764824999999998
3470.0,816.5721465466071,14.150146078431373
3478.0,485.31753612699964,10.837846825396824
3479.0,165.05464632217198,0.6969744292237444
3483.0,165.0757199761008,5.419203174603178
3485.0,659.517588297526,16.847849999999998
3486.0,452.31167793273926,7.000823958333334
3488.0,452.31125918301666,7.18055
3489.0,494.32238824026933,10.432455952380954
3492.0,465.3191966395224,11.435308602150535
3495.0,452.31139867446,6.981118627450979
3499.0,715.4755266974954,17.242593137254904
3500.0,539.2825736999512,4.513495833333333
3502.0,727.4737023247612,15.076037037037036
3504.0,673.4998063307543,16.869528846153848
3505.0,668.5937896728516,16.134916666666662
3510.0,588.5315082478072,20.4451
3512.0,756.549888279127,19.165273913043478
3521.0,759.464033647017,17.223233333333337
3528.0,812.5396414364087,14.094333333333328
3530.0,766.534203665597,19.66390714285714
3532.0,472.30941907097315,10.72709460784314
3537.0,466.2905200958252,6.478985833333333
3540.0,750.5503913031685,17.229735185185188
3542.0,452.31182391826917,7.196358974358973
3550.0,654.5652699788411,17.150321111111115
3554.0,300.2892410546018,9.543671052631579
3556.0,715.5268397475734,18.39834090909091
3561.0,481.31433073679614,10.292797222222225
3569.0,671.4828298468339,15.71364298245614
3573.0,235.97684173583986,1.7510908333333333
3574.0,385.3456244468689,15.140665364583334
3576.0,560.5002836528578,18.18456157894737
3594.0,794.5471085768478,16.106258974358973
3595.0,119.04960486007064,1.7589783105022831
3596.0,299.148746853783,5.409550396825397
3600.0,836.5978675956156,13.519819651741296
3602.0,633.5048858642579,18.323875666666666
3607.0,123.04498318758878,0.6925384848484847
3619.0,123.04454845271698,1.7578888127853878
3625.0,659.5209263392858,18.467980952380948
3633.0,664.4536809921265,11.730850520833332
3651.0,119.04957668201344,0.6984702702702704
3652.0,804.5497136520128,16.505538983050847
3656.0,649.4530897874099,12.832855769230774
3665.0,486.3247833251953,11.482629166666666
3669.0,852.5419383329504,13.662441176470587
3670.0,659.5210527692523,19.299316666666666
3675.0,852.5482082366942,13.708207291666668
3701.0,124.96721937849716,0.2611436936936938
3707.0,641.2869609964305,9.204300574712645
3711.0,336.32546234130865,14.015840476190474
3715.0,683.4321136474608,11.460251190476189
3721.0,511.29370027429917,16.226620784313727
3737.0,393.2086334228516,4.3311464285714285
3741.0,683.4322789510093,11.311765277777774
3787.0,294.860774230957,4.66547
3808.0,806.5649144372275,17.239331007751947
3815.0,518.3207192054161,10.760013141025643
3816.0,546.3520189368206,11.963226086956524
3818.0,740.5184762137277,19.732597619047613
3820.0,774.5615103585379,14.790350595238097
3821.0,137.0461480513863,0.6874420289855073
3822.0,718.5368804931641,19.78974833333333
3824.0,202.038458082411,1.7279361111111111
3825.0,267.6468818664551,10.764923333333332
3826.0,293.06739894321987,1.760542857142857
3829.0,610.3701881408691,11.02735458333333
3830.0,428.3878275553386,16.798074154589376
3836.0,828.5497085571291,16.4251575
3837.0,519.4298248291017,11.557856666666668
3841.0,725.5546320134944,17.358427272727273
3846.0,130.0503551846459,0.6135795634920636
3847.0,800.5764642012747,14.796947368421051
3848.0,165.0545689509465,1.7623815384615384
3849.0,419.0410517478476,1.7593959183673469
3850.0,356.3153869628906,10.616053333333333
3851.0,137.05993447652676,1.7406406504065042
3853.0,552.4012661888487,13.10394642857143
3854.0,97.96918741861981,0.4138
3856.0,526.3131953648159,12.956160714285714
3860.0,629.4746449788413,16.722402777777774
3862.0,826.5252955845424,13.583549047619048
3864.0,793.5523697702507,17.28335307017544
3868.0,317.20802972966976,10.651982727272726
3869.0,335.2188879925272,9.470126086956524
3870.0,742.5344753265381,17.68981770833333
3873.0,776.5759603810865,15.381284108527133
3874.0,466.36683909098315,16.423033333333333
3876.0,230.17495603819148,4.783643693693693
3878.0,346.1281965101087,4.731138288288288
3879.0,423.32255757649733,14.417480555555557
3880.0,538.3854138183593,12.533463333333335
3882.0,856.5810292561848,17.840555555555557
3886.0,468.8121862411499,13.575483333333333
3887.0,277.2157849763569,10.796491228070174
3890.0,403.0691986083984,1.7454343137254902
3894.0,319.2239927019392,11.242674523809523
3896.0,568.3384649103338,10.320342424242426
3898.0,147.04426724303002,1.7585307189542487
3900.0,510.3543829015783,11.302871171171171
3905.0,794.5613260269165,18.397892708333327
3907.0,682.362003326416,13.047604166666664
3908.0,485.3168716430664,10.7126125
3909.0,796.5238030327691,17.304503333333336
3911.0,290.6491741604275,11.959966666666665
3915.0,655.4893668038504,16.705407142857144
3916.0,596.354646381579,10.994116666666667
3917.0,600.0919523693268,1.7606289682539682
3920.0,337.1669687124399,13.02668782051282
3922.0,462.7944416246916,12.7475350877193
3932.0,279.23147063559674,10.445771631205671
3935.0,183.06499611459128,1.7565365853658539
3939.0,310.1289405822754,0.9946589285714283
3940.0,353.22909592137194,7.3960691919191905
3941.0,538.3853874206543,14.189087916666665
3944.0,416.110284034242,5.940373404255318
3945.0,380.2549532722024,9.628679411764708
3953.0,144.08098158725468,3.1039631782945736
3956.0,526.2916172572544,10.293398809523813
3957.0,673.499033610026,16.699666666666662
3958.0,452.2761216597124,9.967792121212119
3959.0,331.2238681677616,12.21659191919192
3962.0,545.29249220628,4.004210256410256
3965.0,774.5258557719569,14.192126344086025
3969.0,264.26850683038884,9.606532575757576
3972.0,772.5837918795073,18.40620961538461
3975.0,806.5515014648438,13.590983333333332
3977.0,279.23153432210285,11.249131666666667
3978.0,808.5089928411667,13.683457526881721
3979.0,464.3124873384516,11.926971985815607
3980.0,622.4061340332031,11.594613333333333
3982.0,429.58171413255775,4.044891304347827
3984.0,692.4487724304199,18.572470138888892
3987.0,822.5830112033419,13.347480555555556
3988.0,756.5510390432257,14.751434649122805
3991.0,278.17489657194716,6.107665217391305
3996.0,349.23422050476074,10.861620138888886
4000.0,548.2996091096296,12.87001347826087
4015.0,672.4198532104492,17.300822222222227
4017.0,688.4532725016277,13.052886111111114
4018.0,552.3309488932292,11.957495555555555
4021.0,475.8019300188337,12.791761904761904
4028.0,790.5329284667969,16.595671527777778
4030.0,319.22374869681687,10.437596846846844
4035.0,191.98848988459665,1.7379929487179486
4036.0,455.80384996202264,13.444692592592592
4042.0,706.4638260551121,17.404860144927532
4048.0,657.5054066975913,17.093444444444444
4055.0,720.5530308314733,18.262914285714285
4057.0,524.2993469238281,10.746059848484848
4061.0,279.1450708562677,5.932455303030304
4063.0,820.5781222256747,18.53562727272727
4064.0,552.3284523703835,7.690028787878788
4072.0,277.21587649258703,9.339368939393944
4078.0,708.4431549072266,11.8883525
4081.0,452.3113352457683,7.16482888888889
4082.0,730.4992783490351,14.899280065359475
4084.0,631.4878177642822,16.354292708333332
4085.0,596.3547303572944,12.166506521739132
4088.0,237.99174897567084,1.762836231884058
4091.0,690.4672772442855,17.299239506172846
4097.0,792.5368128067407,12.71260811965812
4102.0,495.32952880859375,11.037447222222221
4103.0,699.5308415004185,20.48649142857143
4118.0,790.5686456088362,17.73388735632184
4129.0,691.5097629941741,14.48893620689655
4133.0,280.26295323525704,8.925949999999998
4144.0,497.25304412841797,4.702120833333333
4149.0,232.2058337667714,6.851390579710145
4151.0,570.3392999822444,6.3765363636363634
4152.0,714.5046380225647,14.811746453900707
4153.0,748.5458696637836,14.532429523809519
4156.0,650.4018397475734,11.793093939393945
4167.0,640.3448219299316,13.145297916666665
4180.0,858.591267903646,18.394913333333328
4186.0,425.57084579467767,5.044260833333333
4196.0,293.16057048124424,5.830832843137253
4224.0,701.5460635914521,20.22652058823529
4229.0,760.5467093331473,16.81974238095238
4266.0,799.566971941692,16.93536869918699
4267.0,622.4063648042224,12.56824761904762
4268.0,816.5862663022932,17.634970967741943
4274.0,608.3904942103794,11.449347619047618
4283.0,772.5440959315146,14.026714516129037
4290.0,804.5353676932199,13.367570238095238
4293.0,714.4925902230399,9.548920535714283
4309.0,534.3176710340712,8.642677777777777
4381.0,650.401913729581,11.35867424242424
4403.0,657.5037271250849,16.34191884057971
4419.0,192.0652383422852,0.9708273333333334
4433.0,641.2869641113281,9.556250666666667
4452.0,647.370087594697,14.253946464646466
4479.0,717.5329787642868,17.050576851851858
4532.0,122.96466565132141,0.2497510416666667
4556.0,796.5446350097658,14.540697142857145
4563.0,279.23168739112646,12.772646396396393
4593.0,692.515375961492,17.287752880658427
4615.0,763.5152053833008,15.966691666666666
4620.0,744.4310228752369,14.556125883838384
4623.0,814.5571721394858,13.749529861111107
4632.0,670.5592993164063,15.548396000000002
4653.0,232.18062400817868,5.7894958333333335
4658.0,680.5810672535616,17.197325000000006
4676.0,593.4271202087402,13.371966666666665
4703.0,661.4631596156529,15.510774523809523
4706.0,577.4213831284467,16.223653921568626
4721.0,689.4944859095982,14.536131904761904
4724.0,524.297733264023,11.319835393258426
4728.0,620.3911259092132,11.690377586206898
4753.0,662.4372538248698,12.309500000000002
4757.0,677.4600908833165,15.025301075268814
4785.0,293.2102618217468,11.23361458333333
4786.0,741.5386454264321,15.338183333333333
4811.0,808.5807146344866,18.610214285714285
4814.0,428.37316691080736,11.275084444444444
4815.0,822.5598042805991,15.690016666666665
4817.0,672.4198169708253,12.471897395833333
4820.0,594.3747965494791,11.396990476190474
4823.0,786.5251922607422,13.858367307692303
4825.0,217.15457577175565,5.135683333333334
4827.0,700.4502563476562,13.492610256410256
4828.0,517.4216657366071,16.934192857142857
4829.0,692.4483021327428,11.968593452380956
4830.0,550.3133065359933,8.255690476190477
4834.0,688.4150132399337,11.780944871794869
4835.0,664.4537212665265,13.206079059829063
4836.0,580.3594868977865,11.259207407407407
4839.0,182.08117351531988,0.7025020833333333
4850.0,215.1384600684756,4.486596031746032
4853.0,680.44775390625,12.626469696969695
4859.0,384.3461380004883,11.735055555555556
4860.0,716.4456065784801,12.819071212121212
4865.0,376.74446868896484,9.812945833333334
4867.0,740.6169357299805,18.39080454545454
4868.0,746.4953486744951,14.375786585365848
4869.0,722.4583420526413,11.31506111111111
4870.0,624.3857360839844,12.1318625
4877.0,666.396497938368,11.06799814814815
4884.0,698.4350988214667,12.534255303030305
4885.0,720.4438852163463,11.817147435897436
4886.0,533.4161900111607,16.291461904761903
4887.0,432.7476501464844,12.529327777777779
4888.0,738.4901021321616,12.112892063492064
4902.0,232.1695086830541,6.1043657894736825
4905.0,383.751277923584,9.9689375
4912.0,706.4639532906668,17.311474404761903
4916.0,595.4315049913195,17.687121296296297
4924.0,688.4530467157779,13.218642028985508
4929.0,370.33125915527336,10.911743333333336
4950.0,383.33021778171343,18.40607994350282
4952.0,660.4203267415364,12.187493333333334
4958.0,650.4378335886987,17.364637356321847
4964.0,453.1698303222656,8.819009722222221
4971.0,643.4532680511476,15.256575520833335
4981.0,284.29368591308594,9.770668918918918
5000.0,501.42678397042414,18.382638095238093
5001.0,766.5220965217143,13.160853921568627
5009.0,482.322028266059,10.231446296296298
5013.0,573.426603618421,19.734522807017537
5024.0,634.4066433376737,12.593072222222224
5025.0,719.5337921142578,12.083576666666668
5039.0,652.5495820592663,16.537360382513658
5105.0,586.5158411661782,19.238723015873013
5106.0,666.46876953125,12.784872
5110.0,693.5248893289005,15.127306127450984
5128.0,692.4532623291016,10.902875
5142.0,760.4850623721167,17.883581746031748
5171.0,403.31757202148435,15.005556666666667
5182.0,644.3787245977493,11.592061111111109
5333.0,719.550931930542,19.334432291666666
5372.0,377.30213883343873,14.261875490196081
5373.0,209.091783311632,0.986874074074074
5377.0,703.5505493164062,19.601295
5382.0,146.06023661295572,0.9782041666666664
5399.0,509.3443801879883,13.184733333333332
5409.0,643.3875223795573,20.452116137566136
5434.0,766.5341762966581,19.772259259259254
5440.0,534.3699408637153,14.809107716049375
5443.0,534.3699584960938,16.22680814814815
5445.0,669.4396957397461,15.977072499999995
5459.0,830.4880579168147,20.09287121212121
5521.0,482.31478962145366,7.957454385964912
5580.0,736.5413174099393,15.993960185185188
5602.0,304.2607465744019,12.803157916666667
5674.0,700.4509191513063,13.623223697916664
5675.0,740.5186244419642,19.872839285714285
5695.0,685.4623995694247,14.21716818181818
5703.0,674.511457873929,18.50610053763441
5717.0,822.534868794103,17.269473118279574
5741.0,633.4368915557861,15.1454
5748.0,682.4269866943358,11.2221625
5749.0,650.402184737356,11.968010526315794
5755.0,686.4356292724609,13.208186666666665
5793.0,666.4335661857358,17.410809139784945
5835.0,690.4673173692491,17.381985185185183
5843.0,683.4483133951823,13.810716666666664
5925.0,643.4534950256348,14.534613194444445
5942.0,672.4202026367187,17.401518333333332
5956.0,660.422373453776,8.3401
5970.0,336.251214890253,12.302619841269847
6007.0,224.0916424705869,2.8956373015873016
6012.0,642.3601795543324,10.727142424242423
6013.0,277.2158031463623,10.655049479166667
6014.0,525.3097338406545,15.061940880503151
6019.0,164.0705381694593,2.8935745614035087
6031.0,525.309807913644,14.178878571428573
6036.0,738.6025942847842,18.403888095238095
6040.0,794.549994913737,18.553601666666665
6064.0,603.4582913306451,16.126351612903232
6080.0,657.5173427036831,13.7618
6201.0,824.5739707946777,15.610802083333333
6206.0,828.5351355416434,13.60975773809524
6207.0,832.5653991699219,14.025639583333335
6208.0,530.3233119419643,11.133964285714288
6219.0,766.5699332101004,18.505516666666665
6225.0,686.4370059967041,12.365967708333333
6227.0,552.328857421875,7.7957
6230.0,790.5332641601562,16.810194444444445
6231.0,578.3444341023762,11.680919444444447
6246.0,705.3279200962613,13.747186309523812
6249.0,705.327822265625,13.259865333333332
6251.0,546.3526679144966,10.717756481481484
6260.0,768.5831095377603,20.474146825396822
6267.0,608.3899514334543,11.653344047619047
6281.0,794.5488548278809,13.6216125
6323.0,315.19502868652336,10.015976666666667
6325.0,692.4480916341147,17.394248333333334
6335.0,280.26362228393555,8.967972916666664
6355.0,766.5691731770835,18.413277777777783
6359.0,580.4325752258302,14.179672916666664
6362.0,235.97664031982418,1.5156783333333332
6366.0,744.5875523885093,18.386938888888892
6369.0,343.22229385375977,10.826241666666665
6371.0,772.5836736505681,18.323448484848484
6372.0,285.0782811091497,1.728642307692308
6378.0,301.0537822723389,1.7598454166666668
6379.0,768.5492880684989,18.061897619047613
6396.0,374.0437469482422,1.7497260683760685
6409.0,617.4528486463759,20.09671203703704
6416.0,746.6010099712172,20.471158771929826
6428.0,337.27318871539575,10.140753623188406
6466.0,571.1388067948191,1.7563802631578949
6476.0,722.6063471255095,20.486761594202896
6488.0,778.5369153703963,15.064410714285714
6489.0,805.553408536044,15.376549999999998
6495.0,854.5673980712891,15.412270833333334
6510.0,714.503900437128,16.80347142857143
6551.0,641.5106760660808,20.426599074074076
6570.0,790.5538431803384,14.712185185185184
6571.0,744.552316766036,19.7048149122807
6572.0,812.536922454834,14.721875
6573.0,838.5539733886719,14.771343333333334
6581.0,830.550031389509,13.751478571428569
6584.0,298.2735052108765,8.925687499999997
6585.0,526.3131591796875,12.884458888888894
6589.0,520.507695879255,18.180841666666673
6594.0,384.09567108154295,1.7349099999999995
6595.0,856.565788269043,13.890672916666668
6607.0,798.560017903646,14.192924074074073
6610.0,265.2526109674004,13.765429588014984
6618.0,735.57275390625,14.511377777777774
6619.0,538.5180306270205,18.18145
6625.0,586.5158034990419,18.253379874213834
6642.0,548.5389609703651,20.472307371794862
6710.0,481.28358350481307,12.678729761904759
6771.0,939.5914705237564,14.988070578231287
6773.0,753.4215115633878,18.68990575757576
6776.0,309.58181593153216,8.783718518518517
6779.0,396.41913485059547,17.241508006535945
6782.0,293.1909828186035,3.9776666666666665
6793.0,256.8505096435547,4.089555555555556
6797.0,638.2149810791017,18.360566666666667
6800.0,595.3807125091553,11.2866078125
6802.0,376.1350747971308,9.209128174603178
6803.0,569.3319723946707,17.321393898809525
6804.0,419.3148247855049,15.202106845238092
6812.0,397.20040276710023,9.560382269503547
6813.0,639.4067828204181,11.27128108108108
6825.0,698.4978063512732,16.45881
6828.0,559.365236312624,14.776369708994707
6845.0,525.2661071777344,4.279451666666667
6856.0,759.5097788492839,18.437635000000004
6862.0,309.09827908602625,9.568486363636364
6865.0,376.13552279085724,9.55838423423424
6880.0,666.4632603038441,20.455702651515157
6898.0,397.2002972296949,11.035138050314458
6920.0,309.09837206672216,9.210819607843137
6925.0,582.3821759905134,14.800301190476194
6926.0,778.5514174241288,19.09413846153846
6944.0,329.2467742919922,12.712576666666667
6973.0,289.11785295274524,4.081227777777778
6974.0,712.4511090446921,17.367786274509804
6979.0,509.5671520811139,1.7635707070707072
6996.0,761.4922332763672,17.851705555555558
7144.0,795.5714176722936,19.19226666666666
7148.0,715.545450846354,18.20100138888889
7152.0,655.4894288260982,16.542427672955977
7156.0,411.2387161254883,5.9469625
7178.0,121.0651686532157,2.9177182539682547
7198.0,647.4577171547899,17.980610355987057
7221.0,808.5809590107684,19.40971981981982
7223.0,443.2327477591378,8.475719047619048
7227.0,124.96726161411829,0.12608333333333333
7230.0,785.5410207112632,16.513580555555556
7231.0,703.5616149902344,20.224727777777776
7232.0,680.4789001464844,16.254796666666664
7235.0,736.5415414663463,16.451260897435898
7257.0,602.4144323730469,18.25645
7259.0,403.2390323345478,14.768892051282053
7261.0,794.5470779418945,16.456967500000008
7275.0,481.2834990454502,12.52980300546448
7283.0,463.30240026013604,11.326521839080465
7307.0,735.5868896484375,17.746253333333335
7308.0,476.32785718194367,14.771205172413795
7339.0,415.2013244628906,7.864413333333334
7359.0,459.3020001924955,12.514152564102563
7376.0,678.4767493045691,11.246380303030303
7381.0,538.3497144911024,9.571268518518515
7401.0,617.5101005917504,16.63519761904762
7405.0,727.4599075317383,11.225559722222224
7442.0,437.1927364452465,9.551001351351351
7450.0,701.4082183837891,19.00673712121211
7453.0,459.3013644011125,15.942866666666665
7455.0,680.4787224663628,16.48834074074074
7459.0,530.3747279575892,17.06034428571428
7460.0,607.3900059291294,19.048592857142857
7468.0,669.4399843215942,15.872404166666668
7473.0,740.5187634919818,20.25725745614035
7481.0,730.4699554443359,19.291439999999994
7549.0,235.97648018284852,1.8912894736842103
7570.0,420.8985375298394,3.707737037037037
7581.0,722.4989356994629,15.14905208333333
7600.0,674.4371532093395,17.284748484848485
7625.0,482.3134605407715,7.922354999999999
7641.0,703.4063018798828,5.6604616666666665
7657.0,715.4753684997559,15.076347916666665
7663.0,760.5834677559989,18.86995119047619
7665.0,846.4411459821996,9.2011972899729
7670.0,736.5419820149741,18.60964513888889
7756.0,786.598853217231,19.386796296296296
7757.0,433.17701053619385,10.709294166666664
7786.0,742.4070219152113,13.698574183006539
7797.0,631.3959655761719,14.254941250000002
7820.0,735.483659362793,17.842503333333333
7823.0,778.5515454610188,18.999054166666664
7826.0,437.23452104840965,4.567033333333334
7831.0,744.4951646592882,17.784589351851853
7834.0,576.3310956682477,13.84992357142857
7836.0,531.2736362191134,13.847341472868216
7850.0,744.4950509878305,18.068106153846152
7899.0,438.2975514729817,11.061938888888891
7916.0,566.5495541594751,20.46886201550387
7922.0,417.7157409667969,4.941471666666667
7937.0,616.3379923502604,5.3008500000000005
7961.0,265.25233222442915,12.83363867313916
7969.0,716.5081848144531,9.779242666666667
8026.0,550.6283365885416,14.6445
8028.0,582.3811055501302,15.934044444444446
8029.0,309.5816941171322,8.875094968553457
8031.0,269.09933734762257,11.660894252873565
8052.0,188.07069994952224,1.7752459459459455
8053.0,610.1834561094946,18.226357823129252
8062.0,552.5344040814568,13.576901960784314
8064.0,316.21171016969544,2.5602512077294692
8067.0,385.293402068469,12.204403741496597
8075.0,715.5465108235678,18.100192222222226
8133.0,503.369441986084,14.807254166666665
8134.0,401.30201721191406,14.5400125
8136.0,519.4324035644531,16.25410833333333
8139.0,499.4112510681152,17.933208333333333
8143.0,429.33267720540357,15.2201
8145.0,459.3797836303711,16.6324875
8146.0,489.3901863098145,15.808966666666667
8147.0,471.3798561096192,15.898004166666665
8150.0,753.5616353352866,18.36465
8152.0,524.5027770996094,18.35743888888889
8156.0,417.33304341634107,15.190411111111109
8158.0,669.4683303833008,16.365391666666664
8160.0,659.4478607177733,15.007595833333333
8163.0,513.4267959594727,18.454933333333333
8166.0,776.6373494466147,19.692311111111113
8169.0,487.4110794067383,18.0890125
8172.0,526.4448954264324,14.815505555555553
8174.0,443.3445816040039,15.7867
8175.0,601.4785970052084,18.18769444444445
8176.0,809.5845275878906,19.23347
8183.0,485.39562225341797,16.8550375
8185.0,415.3175163269043,14.874029166666665
8189.0,519.4005126953125,15.7867
8191.0,541.4579238891602,20.26142083333333
8192.0,675.4791361490885,15.883994444444443
8218.0,585.4839935302733,17.844183333333334
8219.0,553.4216156005858,16.766016666666665
8223.0,469.36462910970045,15.726983333333333
8230.0,475.3748982747396,18.47614444444445
8233.0,477.4289360046387,16.9218375
8236.0,649.4299112955729,14.815505555555553
8244.0,656.5441080729166,16.507211111111108
8250.0,461.4342651367188,17.308488888888892
8281.0,585.4841232299805,19.772654166666666
8288.0,573.4125773111979,15.973027777777776
8376.0,431.31319173177076,14.963911111111114
8398.0,601.4446792602539,17.656316666666672
8408.0,522.4873860677084,17.923372222222227
8410.0,429.3282814025879,18.19823333333333
8422.0,645.5044826931422,17.85505
8431.0,575.4116466433502,12.3828007751938
8437.0,792.6322733561196,18.0548
8479.0,743.5066731770835,18.071744444444445
8528.0,447.3436012268066,16.676995833333333
8626.0,680.5805206298827,17.94496875
8826.0,801.544563293457,16.966358333333332
8942.0,481.2835021972657,14.907486666666665
8944.0,504.3594741821289,14.912025
8949.0,459.3019765218098,14.90786111111111
8958.0,701.4190512264478,15.769395098039212
8988.0,443.1714936653069,9.210819469026552
9008.0,443.1717341223429,9.519993798449617
9083.0,687.5142288208008,15.3697375
9150.0,124.03983462940563,0.6599651515151513
9152.0,817.5755642977628,14.179451515151515
9164.0,461.3497953414917,6.261288541666667
9172.0,461.3480758666992,6.215811111111113
9173.0,563.4265340169271,16.52344444444444
9180.0,502.2918984549386,10.186426190476187
9190.0,834.595068729285,19.716522222222217
9212.0,790.5540542602539,13.252083333333333
9235.0,675.5082499186198,18.236377777777783
9271.0,645.4687136136569,15.870469230769226
9428.0,701.5450286865234,20.206147222222217
9484.0,734.564790819512,19.34991366120219
9493.0,694.559245300293,15.113356666666665
9494.0,118.06578063964844,1.7792960317460316
9500.0,615.8942999782332,8.456018273092374
9540.0,801.5829683191637,18.0049794117647
9587.0,393.2966546905175,14.61219007490637
9602.0,252.2683312552316,9.54943968253968
9616.0,189.98245010375976,1.8781183333333336
9622.0,615.4585232204862,16.914820370370368
9625.0,619.2717245001543,5.400218859649124
9637.0,530.3227119445802,11.020977083333333
9917.0,482.3233683268229,11.486383333333333
9947.0,763.5151550292969,16.536189999999998
9958.0,438.3079833984375,10.895
9974.0,383.330127058358,16.020164942528734
9983.0,749.4221604291132,9.312154901960787
9984.0,773.6148638044085,13.469216666666668
9996.0,582.3750427246092,10.913173333333333
10175.0,713.5079727172853,17.7243125
10201.0,707.3813448819247,16.620058333333336
10207.0,586.437465760766,15.446073983739838
10231.0,482.3164147271049,7.96353148148148
10235.0,524.3701419830321,11.499312499999998
10275.0,657.5054389105903,17.81412037037037
10277.0,657.5053683194247,17.546469696969698
10278.0,738.5033215332031,17.955455333333333
10286.0,657.5053405761719,17.772341666666666
10297.0,719.5543395996094,19.391983333333336
10333.0,657.5056518554687,17.943176666666666
10334.0,688.4538181849887,13.874021428571426
10448.0,719.5528839111328,19.25789333333333
10452.0,859.5954284667969,15.283327777777776
10458.0,786.5318305605932,18.97463928571429
10461.0,636.3857503255208,11.167335555555557
10491.0,652.4161376953125,11.458072727272727
10520.0,666.4326904296875,11.359291666666667
10527.0,680.4787254333496,15.91035625
10532.0,339.28888056828424,10.852320512820514
10567.0,746.5680948893228,18.084527777777776
10673.0,701.409665621244,16.412075
10686.0,703.5629202035758,17.613828205128208
10687.0,703.562841796875,17.562226666666668
10701.0,703.5597813924153,17.556344444444445
10704.0,718.537237379286,20.234785185185185
10726.0,750.4057006835938,16.148594827586205
11252.0,750.4056783040364,16.447874444444448
11253.0,616.1759271491063,8.882056849315068
11256.0,700.5495697021485,20.237738333333333
11288.0,403.23858150359115,15.851095698924725
11290.0,657.9235500759547,10.953768518518515
11296.0,280.263203750422,12.153828189300409
11297.0,691.4173889160156,13.914707407407407
11348.0,656.2254943847656,14.3501375
11359.0,146.06052468039772,1.786969696969697
11494.0,750.5480690002441,15.0864625
11499.0,683.4831019810267,15.267695238095241
11562.0,716.4633554311898,16.53201826923077
11570.0,683.48215675354,20.365386458333337
11601.0,714.5035356794085,14.873409523809526
11616.0,671.3697001139323,5.785444444444443
11625.0,546.5231628417969,18.25468958333333
11666.0,727.4723892211914,13.467208333333335
11755.0,546.5233577605217,19.234781720430103
11787.0,646.612050374349,16.123902380952384
11811.0,804.5508034446023,16.879254545454543
11846.0,656.584209095348,18.319165151515158
11922.0,692.4481468200684,11.34848125
11953.0,575.3537394205729,13.821244444444444
11958.0,883.5858052571616,14.228166666666667
11961.0,899.5796813964844,14.376511111111114
11967.0,619.4894180297853,20.30903333333333
11976.0,565.4061401367187,15.11449
11977.0,706.5604197184243,17.77396944444445
11991.0,743.4587554931641,17.214825
11994.0,617.4739888509115,18.095505555555555
11998.0,671.4842580159507,17.785583333333335
12000.0,643.4543609619142,16.569333333333333
12003.0,563.3547159830729,13.818255555555556
12013.0,335.2574806213379,14.479316666666666
12017.0,680.5809211730958,17.78963888888889
12020.0,759.4635925292969,15.090056666666666
12035.0,659.4853332519531,19.4339
12051.0,589.4793701171875,20.085783333333328
12141.0,659.4479370117188,14.495272222222226
12153.0,454.29493713378906,8.963183333333333
12223.0,481.28327895655775,15.790112626262625
12224.0,105.07027212178932,1.37839213836478
12228.0,459.3013707550479,15.794342957746478
12230.0,650.2737083033511,9.207180175438596
12231.0,821.4088797936072,18.60508653846154
12240.0,462.28930874528567,9.38669367816092
12248.0,683.3455276489258,13.742870833333333
12249.0,728.4036237928602,13.747708333333332
12251.0,650.2735153724407,9.550426245210726
12252.0,489.3241839938694,8.118662037037037
12260.0,638.2146063910591,18.214559259259254
12263.0,621.4052656306777,17.268441085271316
12267.0,683.3464584350586,13.260295833333332
12291.0,221.15347290039062,15.790157142857142
12292.0,548.5391482398624,20.365099206349203
12294.0,635.4209508895874,17.837622135416673
12299.0,661.9065928141276,10.645716666666663
12303.0,432.23747003995453,8.817230288461538
12307.0,728.4036220974393,13.261114814814816
12308.0,653.4401390200755,15.418553005464478
12355.0,504.35825965518035,12.50579007936508
12421.0,634.4521713256836,11.2838875
12422.0,648.1646392822265,8.890229166666668
12438.0,681.362559000651,16.911550000000002
12456.0,621.4056756761339,20.39997060185185
12501.0,339.2317733764648,8.957091666666667
12504.0,478.3279563056098,11.604887962962966
12506.0,283.16945393880206,8.959827777777777
12512.0,283.169428507487,12.091622222222224
12513.0,456.33296966552734,11.060733333333333
12516.0,670.4669169108073,15.594636666666668
12532.0,698.4356883122371,19.138083333333327
12537.0,778.5514619615343,18.564421296296295
12541.0,628.6014188878677,16.129092156862747
12543.0,463.31574503580737,14.388838888888891
12544.0,346.2054513784555,6.584837179487179
12546.0,738.5498352050781,17.22002857142857
12568.0,698.5907563709078,16.443936507936506
12583.0,547.3958080394848,20.359668018018017
12591.0,682.5957495117187,18.409942000000004
12609.0,616.5628622303839,16.24731231884058
12610.0,326.5842931838263,6.378670634920634
12613.0,326.5842968168713,6.731240476190478
12616.0,634.1501936479049,6.89930303030303
12619.0,451.2685225637336,9.896503508771932
12628.0,634.1503662109375,7.2432644444444465
12639.0,661.5357021755643,20.492096296296296
12735.0,546.3511169433593,11.507489999999999
12736.0,124.96688143412271,0.4041555555555556
12739.0,636.421516418457,11.593266666666665
12742.0,722.4578247070312,11.153849999999998
12748.0,624.3859209333148,11.334383333333335
12749.0,638.3984222412108,11.157729166666664
12750.0,638.4015502929688,11.678158333333332
12766.0,550.3131866455078,8.113652777777778
12838.0,708.508829752604,15.764594444444445
12849.0,769.554441011869,19.118598717948718
12862.0,768.5817718505859,20.3256125
12894.0,722.5254695308101,19.57489909909911
12901.0,712.47734375,8.944743333333333
12910.0,720.5502062988281,17.99827766666666
12918.0,542.3833012580872,13.433042447916673
12930.0,224.20077228546143,7.487087499999999
12943.0,796.6167755126953,19.7503875
12954.0,719.3307695388794,13.258381249999998
12972.0,742.4068406048942,13.260468137254904
13035.0,633.1497436523438,14.349803333333332
13037.0,559.1312306722007,13.464397222222226
13039.0,429.2493921915689,14.717511111111113
13059.0,371.1014709472656,14.353816666666667
13241.0,694.3431970932904,19.183945751633985
13243.0,587.3425218370227,17.330102962962965
13255.0,671.4203244722806,18.178808333333333
13258.0,677.4645090254527,19.566326719576715
13270.0,710.3807673734777,13.833359068627448
13537.0,790.5686365763347,17.657620833333336
13538.0,701.4083158531968,18.57692551020408
13540.0,692.5153039896263,17.995462264150945
13593.0,652.4474817141138,19.183306902356907
13594.0,747.5196672859837,17.98042372881355
13598.0,651.4370473225913,18.443216666666668
13626.0,720.4459065282068,13.192131395348838
13650.0,666.4630818194654,20.379241967871486
13827.0,659.5211588541666,19.20683888888889
13853.0,758.6626953125,17.662826666666668
13869.0,700.5497703552246,20.10828125
13873.0,682.5967606254246,19.705029710144924
13953.0,680.4788436889647,16.377556944444443
13957.0,692.4484807794744,19.37202424242424
14072.0,736.5415431431363,16.306516666666663
14074.0,669.4393854250852,17.978544061302685
14077.0,650.774653843471,9.549627380952384
14081.0,650.7747192382812,9.203681481481484
14090.0,474.28981628417966,9.44801533333333
14100.0,476.3279850400728,15.745893678160913
14106.0,669.4405648367746,15.672408333333333
14114.0,624.4161071777344,16.703455555555557
14167.0,226.9513916015625,20.16066333333333
14239.0,782.5655415852866,19.169001388888887
14243.0,692.4487749519993,19.11201016949152
14283.0,659.5211617606027,19.706714285714284
14390.0,673.4998550415039,18.414966666666665
14402.0,478.32786560058594,11.052138888888885
14403.0,703.5600553813733,19.998525438596488
14404.0,647.4834420340402,15.413999206349207
14476.0,629.3718619833188,19.18304982993197
14480.0,707.4531151266658,19.18291568627452
14485.0,684.1632192511307,8.882125438596495
14487.0,835.6645115443637,19.768840476190476
14492.0,403.2390103274829,15.733555251141555
14494.0,671.181266784668,8.865672916666666
14501.0,618.155136771824,7.571225362318839
14504.0,632.1705075218564,8.860565079365081
14509.0,371.2802083190058,11.286491784037562
14543.0,525.3750317382812,13.828188333333333
14544.0,676.4538324529475,12.652719696969696
14565.0,659.2857456207274,14.559447916666667
14606.0,685.4631927490234,14.539828333333332
14617.0,694.5600952148437,15.246696666666667
14711.0,699.4481569925942,19.567835590277785
14713.0,362.297364734468,10.109763492063493
14715.0,670.5312699538009,19.523277564102568
14718.0,221.1535067838781,18.366250490196084
14719.0,530.3752475314669,14.638807407407407
14722.0,376.3129364013672,10.810309999999998
14731.0,683.4188206559521,19.60896355932204
14732.0,342.2486773404208,10.578667424242424
14740.0,427.2637411264273,5.345660256410256
14747.0,725.5033563577904,19.730517610062886
14750.0,389.20795301957565,16.88410606060607
14756.0,706.4953370386239,19.606366326530623
14787.0,433.24937591552737,14.803828809523807
14847.0,324.2893180847168,11.382075
14863.0,650.201371042352,5.397498245614036
14911.0,566.5497882549579,20.356062820512825
14940.0,727.4734191894531,17.446655555555555
14942.0,144.08091259002688,3.1883
14992.0,854.5547078450522,14.399275
15133.0,481.28351823110427,12.446716137566137
15298.0,586.4427138108474,15.077015705128204
15302.0,367.226205444336,15.16618238095238
15310.0,713.5239448547362,18.357934166666666
15316.0,367.2261644635882,16.911439523809527
15322.0,699.4489321708679,17.739540364583327
15341.0,446.22813415527344,6.346455555555554
15372.0,789.6182603507208,17.590535057471264
15398.0,105.0703010559082,0.5599666666666666
15409.0,282.1599629720052,6.045372222222222
15474.0,718.5004857381184,19.34843888888889
15480.0,858.5953228290265,18.00292051282051
15602.0,475.2966825045072,15.331823076923078
15646.0,430.2425297917545,5.134055855855854
15666.0,707.4537353515625,16.8963625
15727.0,373.29642868041987,13.204420833333335
15802.0,684.20229547674,20.45450227272727
15914.0,750.405459317294,16.035993939393936
15915.0,635.4423791686099,18.365690547263693
15917.0,580.5649007161459,14.033822222222224
15923.0,526.5183512369791,13.5353
15924.0,674.5119236537388,18.448176785714285
15925.0,385.15321350097656,11.860576190476193
15927.0,661.436916185462,17.869188043478253
15930.0,550.5181477864584,13.2153
15931.0,453.23692321777344,11.920023333333333
16073.0,481.2832648867652,15.68758492063492
16076.0,782.5655456542969,19.100227499999995
16081.0,496.3385903494699,10.679297619047619
16083.0,459.3014630404386,15.67831931818182
16089.0,643.3873257107206,17.23801333333333
16093.0,588.5315028599331,20.353731428571432
16105.0,472.3096389770508,10.597633333333334
16107.0,661.5345642089844,18.198081666666663
16125.0,643.3875618489583,20.380248888888897
16141.0,457.2864837646485,13.930097619047618
16188.0,557.3978596348917,18.342283870967744
16190.0,501.3357411977408,18.34535855855855
16194.0,645.4500732421875,17.748791666666666
16195.0,697.4487516615126,13.59274537037037
16199.0,362.29736001150945,9.957472023809526
16206.0,697.3489481608071,13.689222222222224
16211.0,686.5492683572973,18.353807801418434
16213.0,745.5052042007446,13.678260416666665
16313.0,748.5111541748047,14.179379166666667
16330.0,740.5169677734375,17.252666666666666
16334.0,280.2631130218506,11.717216666666667
16358.0,459.30206052718626,12.409187096774195
16430.0,719.5341339111328,11.43585
16496.0,97.9689793056912,0.3005407407407408
16556.0,276.14419174194336,0.7354833333333333
16557.0,734.5678416660853,19.09958214285714
16563.0,309.12656534129184,5.241381609195402
16565.0,615.1790030343192,7.9710488095238095
16574.0,395.26002332899293,10.112433333333335
16582.0,339.5375645955404,4.163741666666667
16593.0,471.8002014160156,11.891226666666665
16623.0,441.3061065673828,5.5024083333333325
16727.0,647.4551021952025,19.51277723004695
16736.0,468.81302897135424,13.806469444444444
16741.0,296.29441515604657,9.855956944444443
16766.0,317.14911582253194,7.6409318181818175
16782.0,607.4917984008789,16.536976388888892
16790.0,455.803955078125,13.662972222222226
16881.0,669.4399301382211,16.66715743589743
16983.0,390.09270307752814,7.1906694444444454
16985.0,591.4967091878257,17.158777777777775
17008.0,632.1704692840576,7.836553125000001
17168.0,701.4125030517578,15.911908333333333
17256.0,610.1835121332213,18.136964341085264
17277.0,562.3863394601004,13.417433333333335
17284.0,673.430434006911,16.436212820512818
17352.0,744.5875108506945,18.462038888888888
17500.0,281.13830947875977,9.584841666666668
17577.0,378.33585684640076,10.753854761904762
17695.0,309.58172934395924,8.956547619047619
17699.0,251.23686472574866,11.248135185185184
17712.0,696.574104309082,18.275525
17715.0,226.21637760509145,7.647132575757576
18248.0,235.976676940918,1.9959277777777773
18251.0,655.4895731608073,16.438294444444438
18272.0,660.7083435058594,6.124554166666666
18381.0,311.1245361328125,1.0489066666666664
18477.0,235.97676340738929,1.422111111111111
18479.0,605.4107775006976,17.20448452380953
18481.0,528.3590952555338,11.498211111111114
18557.0,701.4254353841147,15.976655555555556
18579.0,790.5540657043457,14.123922916666665
18719.0,696.5746765136719,18.397679166666666
18730.0,691.5097122192383,13.769375
18745.0,617.5130818684896,14.591622222222224
18795.0,644.3764190673827,11.6250375
18831.0,226.95141983032227,19.9453375
18911.0,124.9672143118722,0.3144166666666666
19007.0,453.16701013901655,9.316366666666667
19127.0,443.1712443033855,9.338894444444444
19207.0,309.58177185058594,9.070340277777778
19454.0,616.1757965087892,9.046608333333333
19466.0,224.09163513183597,2.96543
19548.0,725.615763346354,12.324333333333335
19869.0,522.3543599446615,11.067387037037037
19994.0,417.0257568359375,4.857672222222223
20163.0,309.09840901692706,9.662855555555554
